Maryetta,Roza
Pat,Aubert
Shawn,Bollinger
Kaila,Senter
Flora,Holbrook
Florentino,Deak
Sherlyn,Knauf
Penni,Willcutt
Karoline,Helman
Terica,Briggs
Nelia,Mitchem
Cayla,Romito
Mariette,Diep
Hillary,Corsi
Ericka,Mackowiak
Percy,Amarante
Efrain,Preslar
Santo,Dison
Lily,Tyrrell
Armand,Divers
Faith,Paley
Marcus,Mcinnis
Benjamin,Henricksen
Loriann,Kahn
Lera,Jeans
Evangeline,Edison
Pei,Charboneau
Tara,Zabel
Cleora,Confer
Eloy,Delrio
Ginny,Mayo
Jeri,Farish
Branden,Dowdle
Madonna,Wideman
Harvey,Depalma
Susanne,Quiles
James,You
Janna,Bach
Santa,Metcalf
Vannesa,Guerrant
Ludie,Bjornstad
Lucie,Witham
Gretchen,Barcelo
Freida,Rodriquez
Wynell,Wisecup
Clair,Baldonado
Beaulah,Breaux
Gail,Setliff
Ruthanne,Rubio
Eulalia,Hults